index,lang_id
1,xho
2,zul
3,xho
4,zul
5,zul
6,sot
7,xho
8,nbl
9,nbl
10,nbl
11,nbl
12,afr
13,afr
14,eng
15,zul
16,ssw
17,nbl
18,xho
19,xho
20,nbl
21,xho
22,zul
23,nbl
24,zul
25,zul
26,xho
27,zul
28,afr
29,xho
30,nso
31,sot
32,xho
33,nbl
34,nbl
35,zul
36,ssw
37,sot
38,xho
39,eng
40,nso
41,nbl
42,nbl
43,zul
44,nbl
45,xho
46,xho
47,nso
48,ssw
49,sot
50,nbl
51,zul
52,nbl
53,eng
54,eng
55,zul
56,nbl
57,xho
58,nbl
59,zul
60,zul
61,nbl
62,tsn
63,afr
64,zul
65,afr
66,ssw
67,xho
68,ssw
69,nbl
70,zul
71,xho
72,zul
73,zul
74,nbl
75,xho
76,nbl
77,ssw
78,zul
79,zul
80,nbl
81,ssw
82,nbl
83,xho
84,ssw
85,nbl
86,nbl
87,nbl
88,xho
89,zul
90,zul
91,xho
92,nbl
93,nso
94,nbl
95,xho
96,nbl
97,xho
98,nbl
99,nbl
100,zul
101,xho
102,ssw
103,sot
104,zul
105,ven
106,nbl
107,zul
108,sot
109,nbl
110,zul
111,zul
112,nso
113,nbl
114,nbl
115,zul
116,nbl
117,eng
118,xho
119,nbl
120,zul
121,afr
122,nbl
123,nso
124,zul
125,nbl
126,xho
127,zul
128,zul
129,zul
130,zul
131,zul
132,zul
133,nso
134,ssw
135,zul
136,nbl
137,nso
138,ssw
139,afr
140,xho
141,eng
142,afr
143,ssw
144,nbl
145,zul
146,ssw
147,nbl
148,eng
149,zul
150,ssw
151,sot
152,xho
153,eng
154,xho
155,nbl
156,zul
157,ssw
158,zul
159,nbl
160,zul
161,zul
162,zul
163,nbl
164,nso
165,xho
166,zul
167,ssw
168,zul
169,xho
170,xho
171,zul
172,nbl
173,nbl
174,xho
175,ssw
176,eng
177,zul
178,nbl
179,afr
180,xho
181,zul
182,sot
183,nbl
184,zul
185,zul
186,nbl
187,zul
188,ssw
189,zul
190,xho
191,nbl
192,zul
193,nbl
194,xho
195,zul
196,ssw
197,zul
198,zul
199,zul
200,xho
201,nbl
202,nbl
203,zul
204,zul
205,nbl
206,nbl
207,zul
208,sot
209,nso
210,nbl
211,zul
212,nbl
213,xho
214,nbl
215,sot
216,ssw
217,zul
218,zul
219,xho
220,nbl
221,ssw
222,sot
223,xho
224,xho
225,nso
226,zul
227,ssw
228,xho
229,xho
230,sot
231,zul
232,sot
233,zul
234,tsn
235,nbl
236,ssw
237,zul
238,afr
239,ssw
240,nbl
241,xho
242,xho
243,nbl
244,nso
245,zul
246,ssw
247,zul
248,nbl
249,afr
250,zul
251,zul
252,xho
253,eng
254,nbl
255,zul
256,zul
257,sot
258,xho
259,xho
260,nbl
261,nso
262,ssw
263,nbl
264,eng
265,ssw
266,nbl
267,tso
268,nbl
269,nso
270,ssw
271,sot
272,ssw
273,nbl
274,ssw
275,xho
276,tsn
277,zul
278,zul
279,zul
280,afr
281,nbl
282,nbl
283,nso
284,afr
285,xho
286,nbl
287,nbl
288,tso
289,xho
290,zul
291,tso
292,ssw
293,zul
294,ssw
295,ssw
296,eng
297,ssw
298,zul
299,nso
300,eng
301,zul
302,nbl
303,nbl
304,xho
305,nbl
306,eng
307,zul
308,nso
309,zul
310,nso
311,zul
312,zul
313,zul
314,ssw
315,nbl
316,tsn
317,xho
318,zul
319,zul
320,nbl
321,zul
322,ssw
323,eng
324,nbl
325,xho
326,sot
327,nso
328,afr
329,ssw
330,afr
331,nbl
332,nbl
333,xho
334,zul
335,zul
336,afr
337,xho
338,xho
339,zul
340,nbl
341,nbl
342,ssw
343,nbl
344,zul
345,zul
346,zul
347,afr
348,zul
349,ssw
350,xho
351,nbl
352,xho
353,sot
354,nbl
355,eng
356,tso
357,zul
358,ven
359,nbl
360,zul
361,nbl
362,nbl
363,zul
364,nbl
365,nso
366,nbl
367,zul
368,nso
369,xho
370,nbl
371,zul
372,afr
373,xho
374,nso
375,ssw
376,zul
377,ven
378,nso
379,nbl
380,nbl
381,nbl
382,ssw
383,xho
384,ssw
385,afr
386,zul
387,nbl
388,sot
389,zul
390,eng
391,zul
392,xho
393,zul
394,nbl
395,xho
396,nbl
397,nbl
398,nbl
399,zul
400,ssw
401,zul
402,zul
403,sot
404,zul
405,afr
406,sot
407,xho
408,zul
409,zul
410,zul
411,zul
412,xho
413,tsn
414,sot
415,xho
416,xho
417,nso
418,zul
419,afr
420,zul
421,zul
422,zul
423,xho
424,nbl
425,zul
426,nbl
427,xho
428,afr
429,xho
430,nbl
431,nbl
432,ssw
433,nbl
434,ssw
435,nbl
436,ssw
437,nbl
438,zul
439,eng
440,sot
441,nbl
442,afr
443,zul
444,nso
445,xho
446,zul
447,zul
448,nso
449,zul
450,zul
451,ssw
452,afr
453,tso
454,eng
455,zul
456,tso
457,zul
458,nbl
459,nso
460,nbl
461,zul
462,xho
463,ssw
464,zul
465,nbl
466,nbl
467,xho
468,zul
469,zul
470,nbl
471,nbl
472,zul
473,xho
474,nbl
475,xho
476,nbl
477,nso
478,ssw
479,zul
480,zul
481,xho
482,nbl
483,xho
484,zul
485,xho
486,nbl
487,nso
488,ssw
489,tso
490,sot
491,nbl
492,nbl
493,xho
494,sot
495,sot
496,zul
497,xho
498,ssw
499,nbl
500,sot
501,ssw
502,zul
503,tsn
504,ssw
505,zul
506,xho
507,nbl
508,afr
509,nbl
510,ssw
511,nbl
512,xho
513,xho
514,afr
515,nbl
516,zul
517,zul
518,xho
519,afr
520,sot
521,nbl
522,zul
523,xho
524,nbl
525,xho
526,ssw
527,ssw
528,zul
529,zul
530,nbl
531,ssw
532,ssw
533,zul
534,xho
535,nbl
536,tsn
537,nbl
538,ssw
539,ssw
540,nbl
541,nbl
542,xho
543,nso
544,ssw
545,nbl
546,zul
547,nbl
548,nbl
549,ssw
550,nbl
551,nbl
552,eng
553,tso
554,xho
555,zul
556,ssw
557,nbl
558,zul
559,ssw
560,afr
561,zul
562,eng
563,afr
564,nbl
565,afr
566,nbl
567,nbl
568,zul
569,zul
570,nbl
571,xho
572,afr
573,eng
574,nbl
575,zul
576,ssw
577,zul
578,zul
579,zul
580,zul
581,xho
582,zul
583,xho
584,xho
585,afr
586,zul
587,zul
588,ssw
589,nbl
590,nbl
591,nbl
592,eng
593,zul
594,xho
595,tso
596,ssw
597,zul
598,nbl
599,sot
600,nbl
601,zul
602,nbl
603,sot
604,sot
605,ssw
606,nbl
607,ssw
608,nbl
609,zul
610,xho
611,afr
612,zul
613,tso
614,zul
615,ssw
616,ssw
617,zul
618,xho
619,xho
620,zul
621,afr
622,zul
623,nso
624,afr
625,tsn
626,zul
627,xho
628,zul
629,zul
630,zul
631,zul
632,zul
633,nbl
634,nbl
635,nbl
636,eng
637,zul
638,zul
639,nbl
640,zul
641,sot
642,ssw
643,ssw
644,nso
645,nbl
646,xho
647,xho
648,ssw
649,zul
650,eng
651,nbl
652,ssw
653,zul
654,tsn
655,xho
656,afr
657,zul
658,eng
659,zul
660,nbl
661,xho
662,nbl
663,ssw
664,afr
665,nbl
666,ssw
667,eng
668,nbl
669,sot
670,zul
671,xho
672,xho
673,ssw
674,ssw
675,nso
676,xho
677,nbl
678,nbl
679,ssw
680,nbl
681,nbl
682,xho
683,zul
684,zul
685,eng
686,nso
687,zul
688,ssw
689,nbl
690,ssw
691,xho
692,xho
693,eng
694,xho
695,xho
696,zul
697,nso
698,nbl
699,zul
700,zul
701,nbl
702,nso
703,zul
704,nso
705,eng
706,afr
707,nso
708,ssw
709,nbl
710,nbl
711,nbl
712,ssw
713,zul
714,zul
715,nbl
716,nso
717,ssw
718,zul
719,zul
720,xho
721,nbl
722,xho
723,xho
724,xho
725,zul
726,ssw
727,nbl
728,zul
729,eng
730,ssw
731,nso
732,zul
733,zul
734,zul
735,zul
736,nbl
737,nbl
738,nso
739,ssw
740,xho
741,ssw
742,nso
743,nbl
744,nbl
745,ssw
746,nbl
747,ssw
748,afr
749,zul
750,xho
751,ssw
752,xho
753,zul
754,ssw
755,xho
756,nbl
757,xho
758,zul
759,afr
760,nbl
761,afr
762,zul
763,nbl
764,xho
765,nbl
766,xho
767,nbl
768,nbl
769,eng
770,zul
771,eng
772,zul
773,nbl
774,xho
775,nbl
776,zul
777,ssw
778,nbl
779,nbl
780,ssw
781,zul
782,zul
783,zul
784,zul
785,zul
786,zul
787,nbl
788,nbl
789,ssw
790,zul
791,nso
792,nso
793,zul
794,afr
795,nso
796,nbl
797,zul
798,nbl
799,ssw
800,afr
801,zul
802,nbl
803,nbl
804,eng
805,nso
806,zul
807,afr
808,xho
809,zul
810,nbl
811,nbl
812,ssw
813,xho
814,zul
815,ssw
816,nbl
817,nso
818,ssw
819,nbl
820,zul
821,afr
822,xho
823,nbl
824,zul
825,zul
826,xho
827,nbl
828,eng
829,xho
830,zul
831,xho
832,nbl
833,nbl
834,ssw
835,xho
836,xho
837,xho
838,nbl
839,ssw
840,eng
841,zul
842,zul
843,zul
844,xho
845,ssw
846,zul
847,zul
848,xho
849,nbl
850,xho
851,nbl
852,xho
853,ssw
854,ssw
855,zul
856,zul
857,afr
858,zul
859,eng
860,nbl
861,ssw
862,ssw
863,xho
864,afr
865,xho
866,ssw
867,zul
868,nbl
869,eng
870,sot
871,ssw
872,xho
873,nbl
874,zul
875,zul
876,zul
877,nbl
878,ssw
879,zul
880,zul
881,ssw
882,xho
883,afr
884,afr
885,xho
886,xho
887,xho
888,tsn
889,nbl
890,nbl
891,nso
892,nbl
893,zul
894,zul
895,xho
896,zul
897,afr
898,ssw
899,xho
900,zul
901,nbl
902,ssw
903,nbl
904,ssw
905,zul
906,zul
907,eng
908,nbl
909,ssw
910,ssw
911,ssw
912,nbl
913,ssw
914,nbl
915,ssw
916,ssw
917,zul
918,zul
919,nbl
920,xho
921,zul
922,ssw
923,nbl
924,xho
925,eng
926,nbl
927,eng
928,zul
929,nbl
930,nbl
931,ssw
932,zul
933,zul
934,nbl
935,afr
936,nbl
937,ssw
938,ssw
939,xho
940,afr
941,ssw
942,zul
943,zul
944,nbl
945,ssw
946,nbl
947,eng
948,sot
949,xho
950,zul
951,nbl
952,zul
953,nbl
954,zul
955,nbl
956,nbl
957,afr
958,zul
959,zul
960,zul
961,ven
962,tsn
963,ssw
964,zul
965,xho
966,afr
967,zul
968,nso
969,nbl
970,zul
971,nbl
972,zul
973,nbl
974,nso
975,zul
976,zul
977,ssw
978,nbl
979,nbl
980,zul
981,zul
982,ssw
983,nso
984,xho
985,ssw
986,nso
987,nbl
988,zul
989,nbl
990,zul
991,nbl
992,nso
993,nbl
994,xho
995,xho
996,xho
997,ssw
998,afr
999,nbl
1000,nbl
1001,nbl
1002,ssw
1003,xho
1004,zul
1005,xho
1006,afr
1007,zul
1008,nbl
1009,nso
1010,nbl
1011,zul
1012,zul
1013,ssw
1014,nbl
1015,nbl
1016,nbl
1017,eng
1018,nbl
1019,xho
1020,zul
1021,zul
1022,nbl
1023,xho
1024,zul
1025,zul
1026,afr
1027,ssw
1028,nbl
1029,ssw
1030,zul
1031,zul
1032,zul
1033,nbl
1034,afr
1035,xho
1036,xho
1037,zul
1038,tso
1039,sot
1040,xho
1041,afr
1042,nbl
1043,xho
1044,nbl
1045,zul
1046,zul
1047,ssw
1048,xho
1049,zul
1050,zul
1051,nbl
1052,nbl
1053,nbl
1054,ssw
1055,ssw
1056,xho
1057,zul
1058,zul
1059,xho
1060,ssw
1061,ven
1062,afr
1063,xho
1064,xho
1065,ssw
1066,xho
1067,zul
1068,nbl
1069,ssw
1070,ssw
1071,ssw
1072,eng
1073,tsn
1074,ssw
1075,xho
1076,zul
1077,nbl
1078,nbl
1079,zul
1080,eng
1081,nbl
1082,zul
1083,nbl
1084,xho
1085,zul
1086,zul
1087,zul
1088,nbl
1089,ven
1090,zul
1091,nso
1092,afr
1093,ssw
1094,zul
1095,nso
1096,nbl
1097,xho
1098,nbl
1099,zul
1100,zul
1101,xho
1102,zul
1103,xho
1104,zul
1105,nbl
1106,xho
1107,nbl
1108,ven
1109,zul
1110,zul
1111,afr
1112,zul
1113,zul
1114,nbl
1115,nbl
1116,nso
1117,zul
1118,zul
1119,nbl
1120,zul
1121,xho
1122,xho
1123,sot
1124,nbl
1125,afr
1126,zul
1127,zul
1128,zul
1129,nbl
1130,afr
1131,zul
1132,zul
1133,nbl
1134,nbl
1135,ssw
1136,nbl
1137,ssw
1138,zul
1139,zul
1140,nbl
1141,afr
1142,afr
1143,nso
1144,zul
1145,nbl
1146,zul
1147,zul
1148,ssw
1149,nbl
1150,nbl
1151,zul
1152,xho
1153,eng
1154,ssw
1155,zul
1156,nbl
1157,eng
1158,ssw
1159,nbl
1160,zul
1161,nbl
1162,zul
1163,zul
1164,zul
1165,nso
1166,ssw
1167,nso
1168,nbl
1169,afr
1170,xho
1171,zul
1172,zul
1173,nbl
1174,tso
1175,zul
1176,zul
1177,xho
1178,xho
1179,nbl
1180,zul
1181,zul
1182,afr
1183,nbl
1184,tsn
1185,nbl
1186,ssw
1187,zul
1188,zul
1189,ssw
1190,sot
1191,sot
1192,zul
1193,xho
1194,xho
1195,nbl
1196,xho
1197,nbl
1198,zul
1199,zul
1200,nso
1201,zul
1202,afr
1203,ssw
1204,nbl
1205,xho
1206,xho
1207,nso
1208,ssw
1209,nbl
1210,ssw
1211,ssw
1212,nbl
1213,zul
1214,xho
1215,nso
1216,nbl
1217,afr
1218,afr
1219,xho
1220,afr
1221,afr
1222,nso
1223,ssw
1224,zul
1225,ssw
1226,afr
1227,zul
1228,afr
1229,nbl
1230,eng
1231,nbl
1232,nso
1233,xho
1234,afr
1235,ven
1236,eng
1237,ssw
1238,xho
1239,xho
1240,nso
1241,xho
1242,nbl
1243,ssw
1244,ssw
1245,nbl
1246,ven
1247,nbl
1248,zul
1249,nbl
1250,nbl
1251,nbl
1252,zul
1253,sot
1254,zul
1255,nbl
1256,tso
1257,ssw
1258,zul
1259,zul
1260,ssw
1261,zul
1262,ssw
1263,nbl
1264,xho
1265,xho
1266,afr
1267,zul
1268,tsn
1269,nbl
1270,zul
1271,zul
1272,ssw
1273,nbl
1274,ssw
1275,zul
1276,nbl
1277,xho
1278,zul
1279,ssw
1280,afr
1281,nbl
1282,nbl
1283,tso
1284,xho
1285,xho
1286,nbl
1287,eng
1288,nbl
1289,ssw
1290,ssw
1291,xho
1292,nbl
1293,zul
1294,ssw
1295,nbl
1296,xho
1297,xho
1298,zul
1299,ssw
1300,sot
1301,nbl
1302,zul
1303,ssw
1304,ssw
1305,eng
1306,nbl
1307,eng
1308,tso
1309,eng
1310,ven
1311,ssw
1312,nbl
1313,tsn
1314,nso
1315,afr
1316,zul
1317,ssw
1318,zul
1319,nbl
1320,nbl
1321,afr
1322,nbl
1323,xho
1324,sot
1325,nso
1326,xho
1327,nbl
1328,zul
1329,xho
1330,ssw
1331,xho
1332,xho
1333,sot
1334,ssw
1335,nbl
1336,nbl
1337,zul
1338,xho
1339,tsn
1340,ssw
1341,xho
1342,nbl
1343,nbl
1344,nbl
1345,zul
1346,nbl
1347,zul
1348,ssw
1349,nbl
1350,ssw
1351,zul
1352,nso
1353,nbl
1354,xho
1355,zul
1356,zul
1357,nbl
1358,nbl
1359,zul
1360,xho
1361,zul
1362,zul
1363,afr
1364,nbl
1365,tso
1366,xho
1367,tso
1368,nso
1369,ssw
1370,ssw
1371,nbl
1372,ssw
1373,eng
1374,tso
1375,nbl
1376,xho
1377,zul
1378,eng
1379,ssw
1380,nso
1381,nbl
1382,zul
1383,ssw
1384,zul
1385,xho
1386,xho
1387,zul
1388,nso
1389,ssw
1390,nbl
1391,xho
1392,nbl
1393,nbl
1394,ssw
1395,zul
1396,ssw
1397,ssw
1398,zul
1399,zul
1400,nbl
1401,zul
1402,ssw
1403,nbl
1404,nbl
1405,ssw
1406,tsn
1407,zul
1408,xho
1409,zul
1410,xho
1411,zul
1412,nbl
1413,nbl
1414,nbl
1415,zul
1416,afr
1417,nbl
1418,tsn
1419,zul
1420,ssw
1421,zul
1422,nbl
1423,nbl
1424,zul
1425,sot
1426,xho
1427,zul
1428,sot
1429,ssw
1430,nbl
1431,nbl
1432,afr
1433,nso
1434,nbl
1435,afr
1436,afr
1437,nbl
1438,nbl
1439,nbl
1440,nbl
1441,nbl
1442,zul
1443,nbl
1444,tsn
1445,ssw
1446,xho
1447,zul
1448,zul
1449,zul
1450,nbl
1451,sot
1452,ssw
1453,ssw
1454,zul
1455,sot
1456,xho
1457,ssw
1458,zul
1459,ssw
1460,xho
1461,eng
1462,nbl
1463,zul
1464,zul
1465,nbl
1466,zul
1467,nbl
1468,ssw
1469,ssw
1470,xho
1471,zul
1472,nbl
1473,zul
1474,afr
1475,xho
1476,nbl
1477,sot
1478,zul
1479,ssw
1480,xho
1481,xho
1482,xho
1483,ssw
1484,nbl
1485,xho
1486,zul
1487,nso
1488,ssw
1489,zul
1490,xho
1491,ssw
1492,nbl
1493,ssw
1494,nbl
1495,zul
1496,xho
1497,eng
1498,afr
1499,ssw
1500,tso
1501,nbl
1502,nbl
1503,afr
1504,xho
1505,xho
1506,zul
1507,nbl
1508,zul
1509,xho
1510,zul
1511,nbl
1512,nso
1513,zul
1514,nbl
1515,nbl
1516,xho
1517,nbl
1518,ssw
1519,zul
1520,eng
1521,afr
1522,eng
1523,xho
1524,nbl
1525,zul
1526,eng
1527,nso
1528,zul
1529,xho
1530,zul
1531,zul
1532,xho
1533,ssw
1534,afr
1535,zul
1536,zul
1537,nbl
1538,nbl
1539,zul
1540,zul
1541,ssw
1542,zul
1543,ssw
1544,zul
1545,zul
1546,nso
1547,xho
1548,ssw
1549,xho
1550,sot
1551,zul
1552,xho
1553,zul
1554,zul
1555,ssw
1556,xho
1557,nbl
1558,nso
1559,ssw
1560,zul
1561,zul
1562,zul
1563,afr
1564,nbl
1565,ssw
1566,xho
1567,nbl
1568,nbl
1569,tso
1570,nbl
1571,ssw
1572,nbl
1573,nbl
1574,nbl
1575,sot
1576,xho
1577,nbl
1578,xho
1579,zul
1580,zul
1581,nbl
1582,ven
1583,ssw
1584,nbl
1585,ssw
1586,zul
1587,xho
1588,zul
1589,xho
1590,zul
1591,zul
1592,sot
1593,xho
1594,sot
1595,xho
1596,nbl
1597,ssw
1598,nbl
1599,xho
1600,zul
1601,ssw
1602,nbl
1603,xho
1604,nso
1605,xho
1606,zul
1607,nso
1608,nbl
1609,xho
1610,nbl
1611,ssw
1612,zul
1613,xho
1614,zul
1615,zul
1616,sot
1617,nso
1618,zul
1619,zul
1620,tsn
1621,sot
1622,ssw
1623,nbl
1624,nbl
1625,zul
1626,zul
1627,nbl
1628,tso
1629,zul
1630,xho
1631,eng
1632,ssw
1633,nbl
1634,nbl
1635,ssw
1636,zul
1637,sot
1638,tso
1639,eng
1640,xho
1641,tso
1642,nso
1643,eng
1644,ssw
1645,nbl
1646,zul
1647,ssw
1648,zul
1649,ssw
1650,zul
1651,afr
1652,nbl
1653,xho
1654,nbl
1655,nbl
1656,nbl
1657,zul
1658,xho
1659,xho
1660,zul
1661,zul
1662,nbl
1663,zul
1664,zul
1665,zul
1666,zul
1667,nbl
1668,nbl
1669,nbl
1670,sot
1671,xho
1672,sot
1673,zul
1674,ssw
1675,nbl
1676,zul
1677,nbl
1678,xho
1679,nbl
1680,nbl
1681,zul
1682,zul
1683,nbl
1684,nbl
1685,xho
1686,zul
1687,zul
1688,nbl
1689,nbl
1690,nbl
1691,xho
1692,nbl
1693,nbl
1694,eng
1695,zul
1696,afr
1697,nbl
1698,zul
1699,zul
1700,zul
1701,nbl
1702,sot
1703,ssw
1704,ssw
1705,ssw
1706,eng
1707,nbl
1708,nso
1709,zul
1710,nbl
1711,ssw
1712,zul
1713,zul
1714,xho
1715,nbl
1716,xho
1717,nbl
1718,zul
1719,zul
1720,ssw
1721,nso
1722,nbl
1723,afr
1724,nbl
1725,nbl
1726,nbl
1727,nbl
1728,nso
1729,zul
1730,ssw
1731,zul
1732,xho
1733,nbl
1734,ssw
1735,zul
1736,ssw
1737,xho
1738,xho
1739,nbl
1740,zul
1741,afr
1742,nbl
1743,zul
1744,ssw
1745,ssw
1746,zul
1747,zul
1748,nbl
1749,xho
1750,zul
1751,nbl
1752,nbl
1753,afr
1754,xho
1755,zul
1756,xho
1757,zul
1758,zul
1759,afr
1760,nbl
1761,nbl
1762,xho
1763,nbl
1764,nbl
1765,nbl
1766,xho
1767,nso
1768,zul
1769,ssw
1770,nso
1771,ssw
1772,nbl
1773,zul
1774,nbl
1775,nbl
1776,zul
1777,sot
1778,zul
1779,zul
1780,zul
1781,zul
1782,zul
1783,nbl
1784,nbl
1785,zul
1786,zul
1787,nbl
1788,tsn
1789,ssw
1790,nso
1791,zul
1792,ssw
1793,nbl
1794,nbl
1795,nbl
1796,xho
1797,ssw
1798,nbl
1799,xho
1800,zul
1801,zul
1802,xho
1803,tsn
1804,eng
1805,zul
1806,nbl
1807,nso
1808,afr
1809,zul
1810,zul
1811,zul
1812,xho
1813,nbl
1814,nbl
1815,eng
1816,nso
1817,nso
1818,eng
1819,nbl
1820,nbl
1821,nbl
1822,nbl
1823,nbl
1824,nbl
1825,xho
1826,ssw
1827,zul
1828,xho
1829,zul
1830,nbl
1831,zul
1832,zul
1833,zul
1834,nbl
1835,zul
1836,zul
1837,xho
1838,xho
1839,xho
1840,nso
1841,nbl
1842,nbl
1843,zul
1844,zul
1845,nbl
1846,zul
1847,ssw
1848,zul
1849,xho
1850,xho
1851,ssw
1852,nbl
1853,ssw
1854,nbl
1855,zul
1856,afr
1857,xho
1858,zul
1859,nbl
1860,zul
1861,xho
1862,nbl
1863,nbl
1864,afr
1865,xho
1866,nbl
1867,zul
1868,nbl
1869,zul
1870,ssw
1871,zul
1872,zul
1873,zul
1874,zul
1875,zul
1876,ssw
1877,zul
1878,ssw
1879,zul
1880,xho
1881,zul
1882,zul
1883,zul
1884,sot
1885,zul
1886,xho
1887,zul
1888,xho
1889,zul
1890,zul
1891,zul
1892,zul
1893,nbl
1894,ssw
1895,nbl
1896,zul
1897,zul
1898,zul
1899,nbl
1900,zul
1901,xho
1902,zul
1903,ssw
1904,ssw
1905,zul
1906,zul
1907,afr
1908,nbl
1909,xho
1910,zul
1911,nbl
1912,zul
1913,xho
1914,nbl
1915,xho
1916,xho
1917,ssw
1918,zul
1919,zul
1920,ssw
1921,xho
1922,nbl
1923,zul
1924,zul
1925,sot
1926,nbl
1927,xho
1928,nbl
1929,nbl
1930,nbl
1931,afr
1932,zul
1933,ssw
1934,nso
1935,nso
1936,xho
1937,zul
1938,xho
1939,zul
1940,nbl
1941,nbl
1942,ssw
1943,nbl
1944,nbl
1945,zul
1946,ssw
1947,ssw
1948,zul
1949,xho
1950,nbl
1951,nbl
1952,nbl
1953,sot
1954,zul
1955,nbl
1956,xho
1957,xho
1958,ssw
1959,zul
1960,ssw
1961,xho
1962,nbl
1963,nso
1964,nbl
1965,nbl
1966,xho
1967,zul
1968,zul
1969,nbl
1970,nbl
1971,nbl
1972,ven
1973,nbl
1974,nbl
1975,xho
1976,ssw
1977,xho
1978,nbl
1979,nbl
1980,zul
1981,eng
1982,ssw
1983,nbl
1984,xho
1985,ssw
1986,nso
1987,nbl
1988,xho
1989,zul
1990,nbl
1991,zul
1992,zul
1993,nso
1994,ssw
1995,sot
1996,sot
1997,xho
1998,nso
1999,nbl
2000,xho
2001,sot
2002,xho
2003,ssw
2004,nso
2005,xho
2006,ssw
2007,tsn
2008,xho
2009,zul
2010,zul
2011,nbl
2012,nso
2013,ssw
2014,xho
2015,zul
2016,nbl
2017,xho
2018,zul
2019,zul
2020,afr
2021,eng
2022,afr
2023,nso
2024,zul
2025,zul
2026,zul
2027,nbl
2028,nbl
2029,nbl
2030,tsn
2031,nbl
2032,tso
2033,zul
2034,zul
2035,zul
2036,zul
2037,zul
2038,zul
2039,xho
2040,xho
2041,nbl
2042,nbl
2043,tsn
2044,xho
2045,ven
2046,eng
2047,nbl
2048,tso
2049,nbl
2050,nbl
2051,nbl
2052,xho
2053,ssw
2054,afr
2055,nbl
2056,xho
2057,zul
2058,afr
2059,zul
2060,nso
2061,afr
2062,xho
2063,ssw
2064,nso
2065,nbl
2066,zul
2067,zul
2068,nbl
2069,nbl
2070,xho
2071,ssw
2072,xho
2073,zul
2074,ssw
2075,zul
2076,xho
2077,xho
2078,zul
2079,tso
2080,ssw
2081,afr
2082,eng
2083,xho
2084,nso
2085,nbl
2086,nbl
2087,zul
2088,xho
2089,ssw
2090,ssw
2091,eng
2092,zul
2093,tso
2094,zul
2095,xho
2096,zul
2097,ssw
2098,zul
2099,zul
2100,zul
2101,ssw
2102,nbl
2103,xho
2104,zul
2105,zul
2106,xho
2107,nbl
2108,zul
2109,zul
2110,nso
2111,xho
2112,nbl
2113,nbl
2114,nbl
2115,nbl
2116,ssw
2117,sot
2118,afr
2119,ssw
2120,nso
2121,eng
2122,ssw
2123,nbl
2124,zul
2125,ssw
2126,nbl
2127,nbl
2128,zul
2129,zul
2130,afr
2131,zul
2132,nbl
2133,nbl
2134,zul
2135,nso
2136,nbl
2137,xho
2138,zul
2139,zul
2140,ssw
2141,sot
2142,ssw
2143,zul
2144,zul
2145,xho
2146,ssw
2147,sot
2148,nbl
2149,zul
2150,zul
2151,xho
2152,xho
2153,tsn
2154,xho
2155,tso
2156,xho
2157,nso
2158,nbl
2159,xho
2160,nbl
2161,xho
2162,zul
2163,nbl
2164,nso
2165,xho
2166,zul
2167,xho
2168,zul
2169,sot
2170,nbl
2171,nbl
2172,zul
2173,zul
2174,nbl
2175,sot
2176,nbl
2177,eng
2178,sot
2179,nbl
2180,ssw
2181,nbl
2182,zul
2183,zul
2184,xho
2185,zul
2186,nso
2187,nbl
2188,ssw
2189,zul
2190,tsn
2191,nbl
2192,afr
2193,nbl
2194,zul
2195,zul
2196,xho
2197,nso
2198,zul
2199,xho
2200,ssw
2201,xho
2202,ssw
2203,nbl
2204,eng
2205,nbl
2206,ssw
2207,nso
2208,nbl
2209,zul
2210,nso
2211,nbl
2212,zul
2213,ssw
2214,nbl
2215,ssw
2216,nbl
2217,zul
2218,nbl
2219,nbl
2220,xho
2221,tso
2222,xho
2223,nbl
2224,zul
2225,ven
2226,zul
2227,xho
2228,xho
2229,nbl
2230,afr
2231,nbl
2232,nbl
2233,xho
2234,xho
2235,zul
2236,xho
2237,zul
2238,zul
2239,zul
2240,nbl
2241,xho
2242,sot
2243,nbl
2244,zul
2245,zul
2246,xho
2247,xho
2248,nbl
2249,zul
2250,nbl
2251,ssw
2252,ssw
2253,nbl
2254,eng
2255,nbl
2256,afr
2257,zul
2258,tso
2259,nbl
2260,xho
2261,tsn
2262,zul
2263,xho
2264,xho
2265,nbl
2266,nso
2267,zul
2268,xho
2269,ssw
2270,zul
2271,zul
2272,zul
2273,zul
2274,xho
2275,xho
2276,ssw
2277,ven
2278,nbl
2279,nbl
2280,nbl
2281,nbl
2282,nbl
2283,nbl
2284,nbl
2285,zul
2286,nbl
2287,xho
2288,nbl
2289,ssw
2290,afr
2291,nso
2292,xho
2293,nso
2294,nbl
2295,zul
2296,nso
2297,nbl
2298,eng
2299,xho
2300,sot
2301,zul
2302,nbl
2303,ssw
2304,zul
2305,xho
2306,zul
2307,ssw
2308,ssw
2309,tsn
2310,nso
2311,tso
2312,nbl
2313,zul
2314,xho
2315,sot
2316,nbl
2317,xho
2318,zul
2319,eng
2320,ssw
2321,zul
2322,zul
2323,zul
2324,zul
2325,zul
2326,xho
2327,ssw
2328,nbl
2329,ssw
2330,tso
2331,xho
2332,afr
2333,nbl
2334,nbl
2335,zul
2336,sot
2337,nbl
2338,xho
2339,nbl
2340,afr
2341,zul
2342,nbl
2343,nbl
2344,nbl
2345,ssw
2346,zul
2347,zul
2348,nbl
2349,nso
2350,nbl
2351,nbl
2352,zul
2353,xho
2354,zul
2355,nbl
2356,sot
2357,zul
2358,sot
2359,ssw
2360,ssw
2361,sot
2362,zul
2363,nbl
2364,xho
2365,xho
2366,nbl
2367,ssw
2368,xho
2369,nbl
2370,zul
2371,xho
2372,xho
2373,xho
2374,zul
2375,nbl
2376,tsn
2377,nbl
2378,afr
2379,nso
2380,nbl
2381,sot
2382,eng
2383,ssw
2384,nso
2385,sot
2386,sot
2387,zul
2388,ssw
2389,nbl
2390,zul
2391,nso
2392,nso
2393,ssw
2394,afr
2395,xho
2396,zul
2397,nbl
2398,nbl
2399,nbl
2400,zul
2401,nbl
2402,nbl
2403,sot
2404,nbl
2405,ssw
2406,zul
2407,xho
2408,xho
2409,zul
2410,xho
2411,xho
2412,xho
2413,ssw
2414,sot
2415,nbl
2416,ssw
2417,nbl
2418,nbl
2419,xho
2420,zul
2421,nbl
2422,nbl
2423,zul
2424,zul
2425,xho
2426,zul
2427,nbl
2428,zul
2429,zul
2430,nbl
2431,zul
2432,nbl
2433,afr
2434,nbl
2435,nbl
2436,nbl
2437,nso
2438,afr
2439,nbl
2440,nbl
2441,zul
2442,zul
2443,nbl
2444,xho
2445,tsn
2446,zul
2447,nbl
2448,zul
2449,nbl
2450,nbl
2451,nbl
2452,xho
2453,afr
2454,zul
2455,nbl
2456,eng
2457,xho
2458,zul
2459,zul
2460,ssw
2461,xho
2462,nbl
2463,tsn
2464,xho
2465,nbl
2466,afr
2467,xho
2468,xho
2469,sot
2470,xho
2471,xho
2472,zul
2473,zul
2474,nbl
2475,zul
2476,eng
2477,zul
2478,nbl
2479,sot
2480,nso
2481,ssw
2482,xho
2483,zul
2484,afr
2485,ssw
2486,zul
2487,nso
2488,xho
2489,tsn
2490,zul
2491,nbl
2492,nbl
2493,zul
2494,zul
2495,tsn
2496,xho
2497,xho
2498,ssw
2499,sot
2500,nso
2501,ssw
2502,zul
2503,nbl
2504,ssw
2505,xho
2506,zul
2507,nbl
2508,xho
2509,nbl
2510,afr
2511,nbl
2512,zul
2513,ssw
2514,tsn
2515,nbl
2516,zul
2517,zul
2518,nbl
2519,ssw
2520,ssw
2521,zul
2522,xho
2523,zul
2524,zul
2525,nbl
2526,eng
2527,zul
2528,zul
2529,ssw
2530,xho
2531,nbl
2532,xho
2533,zul
2534,xho
2535,zul
2536,zul
2537,nso
2538,afr
2539,zul
2540,nbl
2541,afr
2542,xho
2543,zul
2544,ssw
2545,ssw
2546,eng
2547,zul
2548,zul
2549,afr
2550,xho
2551,ssw
2552,xho
2553,eng
2554,eng
2555,nbl
2556,nbl
2557,nbl
2558,nbl
2559,zul
2560,nbl
2561,tso
2562,ssw
2563,ssw
2564,xho
2565,xho
2566,nbl
2567,zul
2568,xho
2569,tsn
2570,zul
2571,zul
2572,zul
2573,nbl
2574,zul
2575,zul
2576,xho
2577,nbl
2578,nso
2579,xho
2580,nbl
2581,zul
2582,tsn
2583,xho
2584,xho
2585,zul
2586,ssw
2587,tso
2588,nso
2589,zul
2590,ssw
2591,xho
2592,nbl
2593,xho
2594,nbl
2595,zul
2596,xho
2597,ssw
2598,nbl
2599,ssw
2600,zul
2601,ven
2602,zul
2603,nbl
2604,nbl
2605,xho
2606,xho
2607,nbl
2608,xho
2609,zul
2610,tso
2611,xho
2612,xho
2613,nbl
2614,xho
2615,xho
2616,zul
2617,nso
2618,ssw
2619,xho
2620,zul
2621,ssw
2622,xho
2623,nbl
2624,tso
2625,nbl
2626,zul
2627,nbl
2628,nbl
2629,zul
2630,afr
2631,xho
2632,xho
2633,nbl
2634,ssw
2635,ssw
2636,nso
2637,nbl
2638,xho
2639,afr
2640,nso
2641,xho
2642,xho
2643,nbl
2644,afr
2645,ssw
2646,xho
2647,eng
2648,sot
2649,nbl
2650,nbl
2651,xho
2652,nbl
2653,zul
2654,zul
2655,nso
2656,sot
2657,ssw
2658,nbl
2659,eng
2660,tsn
2661,zul
2662,zul
2663,nbl
2664,zul
2665,xho
2666,nbl
2667,eng
2668,zul
2669,xho
2670,ssw
2671,zul
2672,zul
2673,nbl
2674,zul
2675,nbl
2676,ssw
2677,zul
2678,nbl
2679,nso
2680,xho
2681,nbl
2682,zul
2683,xho
2684,eng
2685,xho
2686,xho
2687,zul
2688,zul
2689,zul
2690,sot
2691,afr
2692,ssw
2693,nso
2694,zul
2695,xho
2696,nbl
2697,xho
2698,zul
2699,nbl
2700,zul
2701,xho
2702,xho
2703,ssw
2704,ssw
2705,zul
2706,ssw
2707,nso
2708,zul
2709,nbl
2710,nbl
2711,nbl
2712,zul
2713,afr
2714,nbl
2715,nbl
2716,nbl
2717,ssw
2718,zul
2719,xho
2720,xho
2721,zul
2722,eng
2723,ssw
2724,ssw
2725,xho
2726,xho
2727,zul
2728,zul
2729,zul
2730,zul
2731,nbl
2732,nbl
2733,nbl
2734,zul
2735,ssw
2736,afr
2737,nbl
2738,zul
2739,zul
2740,nbl
2741,xho
2742,xho
2743,nbl
2744,nbl
2745,zul
2746,nso
2747,nbl
2748,ssw
2749,nbl
2750,ssw
2751,xho
2752,nbl
2753,xho
2754,nbl
2755,sot
2756,xho
2757,zul
2758,tso
2759,xho
2760,xho
2761,xho
2762,afr
2763,nso
2764,nso
2765,nbl
2766,ssw
2767,nbl
2768,zul
2769,nso
2770,nbl
2771,nbl
2772,nso
2773,nbl
2774,nbl
2775,nbl
2776,afr
2777,nbl
2778,xho
2779,nbl
2780,nbl
2781,ssw
2782,nbl
2783,xho
2784,nbl
2785,xho
2786,zul
2787,xho
2788,afr
2789,ssw
2790,ssw
2791,ssw
2792,nbl
2793,zul
2794,nbl
2795,zul
2796,nbl
2797,zul
2798,nbl
2799,zul
2800,sot
2801,xho
2802,ven
2803,afr
2804,nbl
2805,ssw
2806,ssw
2807,xho
2808,xho
2809,nbl
2810,nso
2811,sot
2812,nso
2813,nbl
2814,nbl
2815,xho
2816,nbl
2817,xho
2818,xho
2819,nbl
2820,xho
2821,xho
2822,zul
2823,ssw
2824,ssw
2825,tsn
2826,nbl
2827,nbl
2828,nbl
2829,zul
2830,zul
2831,xho
2832,zul
2833,nso
2834,ssw
2835,zul
2836,nbl
2837,eng
2838,zul
2839,nbl
2840,nso
2841,zul
2842,zul
2843,xho
2844,ssw
2845,xho
2846,afr
2847,tsn
2848,nbl
2849,nbl
2850,zul
2851,ssw
2852,nbl
2853,xho
2854,sot
2855,zul
2856,nbl
2857,zul
2858,ssw
2859,nbl
2860,nso
2861,nbl
2862,eng
2863,xho
2864,xho
2865,xho
2866,ssw
2867,xho
2868,nbl
2869,nbl
2870,ssw
2871,ven
2872,zul
2873,xho
2874,nbl
2875,ssw
2876,sot
2877,ssw
2878,tso
2879,zul
2880,zul
2881,tsn
2882,xho
2883,zul
2884,zul
2885,sot
2886,tso
2887,nbl
2888,nbl
2889,nso
2890,nso
2891,eng
2892,ssw
2893,zul
2894,nbl
2895,afr
2896,xho
2897,afr
2898,ssw
2899,zul
2900,nbl
2901,nbl
2902,ssw
2903,zul
2904,xho
2905,zul
2906,eng
2907,xho
2908,nso
2909,nbl
2910,afr
2911,nbl
2912,nbl
2913,nbl
2914,nbl
2915,ssw
2916,zul
2917,nbl
2918,xho
2919,nbl
2920,ssw
2921,zul
2922,zul
2923,ssw
2924,zul
2925,ssw
2926,nbl
2927,nbl
2928,afr
2929,nbl
2930,xho
2931,zul
2932,xho
2933,ssw
2934,zul
2935,ssw
2936,sot
2937,zul
2938,nso
2939,ven
2940,zul
2941,sot
2942,nbl
2943,xho
2944,sot
2945,eng
2946,zul
2947,xho
2948,zul
2949,sot
2950,nbl
2951,zul
2952,zul
2953,nbl
2954,nbl
2955,eng
2956,ssw
2957,nso
2958,xho
2959,zul
2960,ssw
2961,nbl
2962,zul
2963,zul
2964,zul
2965,nso
2966,xho
2967,nbl
2968,zul
2969,nbl
2970,zul
2971,nbl
2972,ssw
2973,nbl
2974,zul
2975,sot
2976,nbl
2977,nbl
2978,nbl
2979,nbl
2980,sot
2981,sot
2982,ssw
2983,ssw
2984,zul
2985,zul
2986,xho
2987,nbl
2988,nbl
2989,nbl
2990,sot
2991,zul
2992,zul
2993,nbl
2994,zul
2995,nbl
2996,zul
2997,nbl
2998,afr
2999,zul
3000,nbl
3001,nso
3002,ssw
3003,tsn
3004,ssw
3005,xho
3006,xho
3007,zul
3008,zul
3009,eng
3010,zul
3011,nbl
3012,xho
3013,eng
3014,nso
3015,nso
3016,xho
3017,zul
3018,xho
3019,zul
3020,zul
3021,xho
3022,ven
3023,zul
3024,nbl
3025,zul
3026,nbl
3027,xho
3028,nbl
3029,zul
3030,tsn
3031,xho
3032,afr
3033,nbl
3034,nbl
3035,zul
3036,zul
3037,zul
3038,xho
3039,xho
3040,nso
3041,ssw
3042,xho
3043,nbl
3044,nbl
3045,nso
3046,zul
3047,nbl
3048,ssw
3049,zul
3050,tso
3051,nbl
3052,xho
3053,nbl
3054,sot
3055,nbl
3056,ssw
3057,nbl
3058,ssw
3059,xho
3060,xho
3061,nbl
3062,zul
3063,nbl
3064,xho
3065,zul
3066,eng
3067,nso
3068,nbl
3069,nbl
3070,tso
3071,zul
3072,zul
3073,zul
3074,nso
3075,ssw
3076,afr
3077,sot
3078,ssw
3079,nbl
3080,ssw
3081,nso
3082,nbl
3083,afr
3084,tsn
3085,nbl
3086,zul
3087,zul
3088,xho
3089,zul
3090,nbl
3091,zul
3092,sot
3093,ssw
3094,nbl
3095,xho
3096,sot
3097,nbl
3098,nbl
3099,zul
3100,zul
3101,nbl
3102,zul
3103,nbl
3104,zul
3105,tsn
3106,zul
3107,nbl
3108,ssw
3109,afr
3110,tsn
3111,nbl
3112,xho
3113,nbl
3114,nbl
3115,nbl
3116,nbl
3117,sot
3118,afr
3119,zul
3120,zul
3121,ssw
3122,nbl
3123,nbl
3124,nso
3125,xho
3126,zul
3127,eng
3128,nbl
3129,ssw
3130,zul
3131,afr
3132,zul
3133,zul
3134,nso
3135,nbl
3136,ssw
3137,nbl
3138,afr
3139,zul
3140,xho
3141,xho
3142,zul
3143,nbl
3144,nbl
3145,xho
3146,zul
3147,nso
3148,xho
3149,zul
3150,ssw
3151,sot
3152,nbl
3153,ssw
3154,nbl
3155,zul
3156,nbl
3157,ssw
3158,nso
3159,zul
3160,zul
3161,nbl
3162,zul
3163,nso
3164,zul
3165,zul
3166,zul
3167,nbl
3168,nbl
3169,tsn
3170,zul
3171,xho
3172,nbl
3173,eng
3174,zul
3175,zul
3176,xho
3177,zul
3178,nbl
3179,xho
3180,ssw
3181,xho
3182,eng
3183,tso
3184,xho
3185,nbl
3186,xho
3187,nbl
3188,zul
3189,xho
3190,nso
3191,zul
3192,zul
3193,xho
3194,nbl
3195,xho
3196,nbl
3197,nso
3198,nso
3199,xho
3200,zul
3201,nbl
3202,ssw
3203,ven
3204,nbl
3205,ssw
3206,nbl
3207,nbl
3208,zul
3209,nso
3210,ven
3211,ssw
3212,xho
3213,zul
3214,ssw
3215,nbl
3216,nbl
3217,ssw
3218,xho
3219,zul
3220,zul
3221,nbl
3222,zul
3223,zul
3224,ssw
3225,zul
3226,ssw
3227,afr
3228,tso
3229,zul
3230,ven
3231,xho
3232,eng
3233,tsn
3234,xho
3235,zul
3236,eng
3237,xho
3238,xho
3239,ssw
3240,nbl
3241,nbl
3242,nbl
3243,zul
3244,ssw
3245,nbl
3246,nbl
3247,xho
3248,zul
3249,sot
3250,xho
3251,xho
3252,xho
3253,ssw
3254,nbl
3255,xho
3256,zul
3257,zul
3258,ssw
3259,nbl
3260,nbl
3261,zul
3262,ssw
3263,ssw
3264,zul
3265,nbl
3266,xho
3267,nbl
3268,zul
3269,xho
3270,zul
3271,zul
3272,zul
3273,nbl
3274,nbl
3275,nso
3276,nbl
3277,ssw
3278,zul
3279,xho
3280,ssw
3281,zul
3282,zul
3283,nbl
3284,zul
3285,nso
3286,nbl
3287,xho
3288,zul
3289,xho
3290,nbl
3291,xho
3292,ssw
3293,tsn
3294,nbl
3295,xho
3296,zul
3297,xho
3298,xho
3299,nbl
3300,ssw
3301,ssw
3302,zul
3303,zul
3304,afr
3305,afr
3306,eng
3307,zul
3308,nbl
3309,zul
3310,nbl
3311,nbl
3312,nbl
3313,nbl
3314,nbl
3315,zul
3316,ssw
3317,nbl
3318,nbl
3319,afr
3320,nbl
3321,xho
3322,nso
3323,tsn
3324,nbl
3325,ssw
3326,zul
3327,nbl
3328,nbl
3329,nbl
3330,eng
3331,nbl
3332,nbl
3333,nso
3334,nbl
3335,ssw
3336,eng
3337,zul
3338,xho
3339,sot
3340,sot
3341,ssw
3342,zul
3343,afr
3344,nbl
3345,zul
3346,xho
3347,eng
3348,eng
3349,nbl
3350,zul
3351,sot
3352,zul
3353,xho
3354,zul
3355,xho
3356,zul
3357,nbl
3358,zul
3359,eng
3360,ssw
3361,ssw
3362,nbl
3363,zul
3364,zul
3365,zul
3366,ssw
3367,xho
3368,xho
3369,zul
3370,zul
3371,ssw
3372,zul
3373,nbl
3374,zul
3375,afr
3376,zul
3377,xho
3378,nbl
3379,nbl
3380,zul
3381,nbl
3382,nbl
3383,nbl
3384,xho
3385,nbl
3386,zul
3387,nbl
3388,xho
3389,zul
3390,nso
3391,zul
3392,nbl
3393,zul
3394,zul
3395,nso
3396,zul
3397,zul
3398,nbl
3399,xho
3400,nbl
3401,ssw
3402,nbl
3403,nbl
3404,nso
3405,zul
3406,zul
3407,zul
3408,zul
3409,zul
3410,sot
3411,ssw
3412,eng
3413,xho
3414,zul
3415,zul
3416,nbl
3417,afr
3418,ssw
3419,nbl
3420,nbl
3421,nbl
3422,tso
3423,nso
3424,ssw
3425,zul
3426,xho
3427,zul
3428,ssw
3429,zul
3430,nbl
3431,zul
3432,zul
3433,zul
3434,zul
3435,nbl
3436,sot
3437,nso
3438,nbl
3439,nbl
3440,tso
3441,zul
3442,nbl
3443,sot
3444,sot
3445,eng
3446,nbl
3447,ssw
3448,xho
3449,nbl
3450,nso
3451,nbl
3452,afr
3453,ssw
3454,zul
3455,xho
3456,zul
3457,nbl
3458,xho
3459,nbl
3460,zul
3461,zul
3462,nbl
3463,xho
3464,zul
3465,zul
3466,zul
3467,xho
3468,afr
3469,ssw
3470,nbl
3471,zul
3472,ssw
3473,nbl
3474,ssw
3475,zul
3476,nbl
3477,zul
3478,nbl
3479,nbl
3480,ssw
3481,nbl
3482,zul
3483,nbl
3484,zul
3485,zul
3486,nbl
3487,zul
3488,zul
3489,nbl
3490,nso
3491,zul
3492,ssw
3493,zul
3494,nbl
3495,tso
3496,eng
3497,zul
3498,xho
3499,nbl
3500,nbl
3501,ssw
3502,eng
3503,zul
3504,nbl
3505,nbl
3506,nbl
3507,zul
3508,ssw
3509,eng
3510,ssw
3511,xho
3512,xho
3513,ssw
3514,nbl
3515,ven
3516,nbl
3517,nbl
3518,xho
3519,nbl
3520,zul
3521,xho
3522,zul
3523,ssw
3524,ven
3525,zul
3526,nbl
3527,xho
3528,zul
3529,ssw
3530,zul
3531,ssw
3532,nbl
3533,ssw
3534,nbl
3535,zul
3536,nbl
3537,zul
3538,zul
3539,nbl
3540,nbl
3541,nso
3542,afr
3543,ssw
3544,nbl
3545,afr
3546,zul
3547,ssw
3548,ssw
3549,ssw
3550,zul
3551,nbl
3552,xho
3553,afr
3554,nbl
3555,nbl
3556,nbl
3557,nbl
3558,nbl
3559,xho
3560,zul
3561,sot
3562,nbl
3563,ssw
3564,nbl
3565,ssw
3566,nso
3567,nbl
3568,zul
3569,zul
3570,zul
3571,xho
3572,nbl
3573,ssw
3574,ssw
3575,nbl
3576,zul
3577,zul
3578,nbl
3579,ssw
3580,nbl
3581,nbl
3582,ssw
3583,ssw
3584,eng
3585,nso
3586,xho
3587,zul
3588,nso
3589,zul
3590,ssw
3591,nbl
3592,xho
3593,zul
3594,nso
3595,zul
3596,xho
3597,zul
3598,tsn
3599,nbl
3600,nbl
3601,ssw
3602,nbl
3603,ssw
3604,zul
3605,eng
3606,xho
3607,nbl
3608,zul
3609,nbl
3610,nbl
3611,zul
3612,nbl
3613,zul
3614,afr
3615,ssw
3616,xho
3617,ssw
3618,xho
3619,ssw
3620,tso
3621,nso
3622,xho
3623,nbl
3624,zul
3625,xho
3626,ssw
3627,eng
3628,xho
3629,zul
3630,ssw
3631,nbl
3632,eng
3633,eng
3634,ssw
3635,afr
3636,nbl
3637,ssw
3638,ssw
3639,zul
3640,xho
3641,nbl
3642,zul
3643,nbl
3644,nbl
3645,xho
3646,zul
3647,ven
3648,nso
3649,xho
3650,ssw
3651,zul
3652,tsn
3653,nbl
3654,zul
3655,ssw
3656,nbl
3657,nbl
3658,ssw
3659,nbl
3660,ssw
3661,nbl
3662,zul
3663,xho
3664,nbl
3665,zul
3666,sot
3667,nbl
3668,nso
3669,xho
3670,nbl
3671,nbl
3672,zul
3673,nbl
3674,ssw
3675,nbl
3676,nbl
3677,nso
3678,zul
3679,xho
3680,nbl
3681,nso
3682,nbl
3683,afr
3684,zul
3685,nbl
3686,zul
3687,nbl
3688,sot
3689,zul
3690,zul
3691,ssw
3692,zul
3693,nbl
3694,xho
3695,zul
3696,zul
3697,nbl
3698,xho
3699,xho
3700,nbl
3701,zul
3702,nbl
3703,zul
3704,ssw
3705,zul
3706,xho
3707,ssw
3708,sot
3709,nbl
3710,nbl
3711,zul
3712,afr
3713,xho
3714,xho
3715,zul
3716,zul
3717,afr
3718,nbl
3719,afr
3720,nbl
3721,eng
3722,nbl
3723,zul
3724,xho
3725,zul
3726,xho
3727,nbl
3728,ssw
3729,nbl
3730,eng
3731,zul
3732,zul
3733,xho
3734,ssw
3735,zul
3736,ssw
3737,zul
3738,zul
3739,nbl
3740,zul
3741,xho
3742,zul
3743,zul
3744,nbl
3745,ssw
3746,zul
3747,tso
3748,nbl
3749,xho
3750,zul
3751,zul
3752,nbl
3753,sot
3754,nbl
3755,zul
3756,afr
3757,afr
3758,zul
3759,zul
3760,sot
3761,zul
3762,tso
3763,eng
3764,nbl
3765,sot
3766,ssw
3767,nso
3768,afr
3769,nbl
3770,sot
3771,ssw
3772,nbl
3773,zul
3774,eng
3775,xho
3776,xho
3777,zul
3778,zul
3779,zul
3780,nbl
3781,ven
3782,zul
3783,xho
3784,nbl
3785,nbl
3786,ssw
3787,nso
3788,xho
3789,zul
3790,zul
3791,xho
3792,nbl
3793,zul
3794,zul
3795,afr
3796,nbl
3797,eng
3798,nbl
3799,zul
3800,xho
3801,nso
3802,ssw
3803,zul
3804,nbl
3805,zul
3806,nbl
3807,zul
3808,nbl
3809,ssw
3810,zul
3811,ssw
3812,nbl
3813,ssw
3814,zul
3815,nbl
3816,nbl
3817,ssw
3818,ssw
3819,nbl
3820,ven
3821,ssw
3822,sot
3823,nbl
3824,sot
3825,xho
3826,xho
3827,ssw
3828,nbl
3829,ssw
3830,ssw
3831,tso
3832,ssw
3833,zul
3834,afr
3835,zul
3836,zul
3837,eng
3838,nbl
3839,nbl
3840,ssw
3841,nbl
3842,xho
3843,ssw
3844,nso
3845,xho
3846,zul
3847,zul
3848,zul
3849,afr
3850,zul
3851,nbl
3852,tso
3853,xho
3854,nbl
3855,sot
3856,ssw
3857,ssw
3858,nso
3859,zul
3860,nso
3861,afr
3862,xho
3863,nbl
3864,xho
3865,ssw
3866,xho
3867,nbl
3868,tsn
3869,sot
3870,nbl
3871,xho
3872,ssw
3873,nbl
3874,nso
3875,xho
3876,eng
3877,nbl
3878,nbl
3879,xho
3880,xho
3881,nso
3882,xho
3883,ven
3884,ssw
3885,zul
3886,zul
3887,ssw
3888,ssw
3889,xho
3890,nbl
3891,eng
3892,sot
3893,xho
3894,nbl
3895,nbl
3896,zul
3897,nbl
3898,zul
3899,nbl
3900,zul
3901,xho
3902,ven
3903,nso
3904,xho
3905,eng
3906,ven
3907,nbl
3908,xho
3909,nbl
3910,xho
3911,zul
3912,xho
3913,ssw
3914,nbl
3915,ssw
3916,nbl
3917,zul
3918,nbl
3919,ssw
3920,zul
3921,zul
3922,zul
3923,zul
3924,nbl
3925,zul
3926,zul
3927,nbl
3928,afr
3929,xho
3930,nso
3931,zul
3932,eng
3933,nbl
3934,eng
3935,zul
3936,nso
3937,ssw
3938,sot
3939,xho
3940,sot
3941,zul
3942,sot
3943,afr
3944,zul
3945,ssw
3946,nbl
3947,zul
3948,zul
3949,nbl
3950,zul
3951,zul
3952,zul
3953,xho
3954,nbl
3955,nbl
3956,ssw
3957,nbl
3958,xho
3959,nso
3960,afr
3961,tsn
3962,zul
3963,zul
3964,ssw
3965,ssw
3966,nso
3967,zul
3968,xho
3969,xho
3970,sot
3971,nbl
3972,nbl
3973,nbl
3974,zul
3975,xho
3976,zul
3977,nbl
3978,eng
3979,ssw
3980,tso
3981,zul
3982,zul
3983,nbl
3984,ssw
3985,zul
3986,zul
3987,nbl
3988,xho
3989,afr
3990,nbl
3991,zul
3992,xho
3993,xho
3994,zul
3995,nbl
3996,zul
3997,xho
3998,ssw
3999,nbl
4000,xho
4001,nbl
4002,zul
4003,ssw
4004,nbl
4005,eng
4006,nbl
4007,nbl
4008,zul
4009,nbl
4010,tsn
4011,zul
4012,nbl
4013,nbl
4014,nbl
4015,zul
4016,zul
4017,zul
4018,nbl
4019,zul
4020,zul
4021,xho
4022,afr
4023,xho
4024,afr
4025,zul
4026,ssw
4027,ssw
4028,nbl
4029,nbl
4030,zul
4031,xho
4032,zul
4033,nbl
4034,xho
4035,ssw
4036,xho
4037,afr
4038,nbl
4039,nbl
4040,zul
4041,ssw
4042,ssw
4043,zul
4044,xho
4045,zul
4046,sot
4047,zul
4048,zul
4049,afr
4050,ssw
4051,xho
4052,ssw
4053,zul
4054,sot
4055,xho
4056,ssw
4057,xho
4058,nbl
4059,xho
4060,nbl
4061,nbl
4062,afr
4063,xho
4064,zul
4065,zul
4066,tso
4067,nso
4068,nbl
4069,afr
4070,nso
4071,xho
4072,nbl
4073,xho
4074,eng
4075,eng
4076,ssw
4077,sot
4078,nso
4079,xho
4080,xho
4081,nbl
4082,ssw
4083,nso
4084,ssw
4085,zul
4086,nso
4087,ssw
4088,zul
4089,zul
4090,zul
4091,ssw
4092,nso
4093,zul
4094,xho
4095,ssw
4096,nbl
4097,ssw
4098,xho
4099,zul
4100,zul
4101,xho
4102,zul
4103,xho
4104,nbl
4105,ssw
4106,afr
4107,ssw
4108,nso
4109,zul
4110,zul
4111,xho
4112,xho
4113,zul
4114,ssw
4115,zul
4116,zul
4117,nbl
4118,ssw
4119,nbl
4120,ssw
4121,xho
4122,nso
4123,nbl
4124,nbl
4125,zul
4126,zul
4127,ssw
4128,xho
4129,nbl
4130,ssw
4131,zul
4132,xho
4133,zul
4134,sot
4135,zul
4136,zul
4137,zul
4138,nbl
4139,nbl
4140,ssw
4141,xho
4142,zul
4143,nbl
4144,nbl
4145,nbl
4146,ven
4147,nbl
4148,xho
4149,zul
4150,nbl
4151,nbl
4152,nso
4153,zul
4154,eng
4155,afr
4156,xho
4157,xho
4158,zul
4159,zul
4160,xho
4161,nso
4162,eng
4163,nbl
4164,zul
4165,afr
4166,afr
4167,zul
4168,zul
4169,nbl
4170,afr
4171,afr
4172,nbl
4173,xho
4174,tsn
4175,xho
4176,nso
4177,eng
4178,tsn
4179,ssw
4180,zul
4181,zul
4182,xho
4183,zul
4184,ssw
4185,nbl
4186,ven
4187,nbl
4188,zul
4189,xho
4190,eng
4191,nbl
4192,xho
4193,zul
4194,xho
4195,zul
4196,xho
4197,xho
4198,afr
4199,nbl
4200,afr
4201,nbl
4202,sot
4203,sot
4204,nbl
4205,zul
4206,zul
4207,ven
4208,ssw
4209,zul
4210,ssw
4211,afr
4212,nbl
4213,nbl
4214,nbl
4215,zul
4216,ssw
4217,afr
4218,zul
4219,xho
4220,nbl
4221,nbl
4222,zul
4223,nbl
4224,tso
4225,xho
4226,nbl
4227,zul
4228,nbl
4229,sot
4230,zul
4231,nbl
4232,ssw
4233,nso
4234,zul
4235,xho
4236,ssw
4237,zul
4238,zul
4239,nbl
4240,xho
4241,ven
4242,zul
4243,ssw
4244,zul
4245,zul
4246,sot
4247,xho
4248,nbl
4249,xho
4250,ssw
4251,zul
4252,zul
4253,nbl
4254,xho
4255,sot
4256,xho
4257,nbl
4258,zul
4259,nso
4260,xho
4261,ssw
4262,nbl
4263,sot
4264,ssw
4265,zul
4266,nbl
4267,nbl
4268,ssw
4269,zul
4270,xho
4271,ssw
4272,nbl
4273,nbl
4274,nbl
4275,xho
4276,ssw
4277,zul
4278,nbl
4279,xho
4280,zul
4281,zul
4282,zul
4283,xho
4284,xho
4285,eng
4286,ssw
4287,ssw
4288,xho
4289,nso
4290,zul
4291,zul
4292,ssw
4293,nbl
4294,zul
4295,nso
4296,zul
4297,nbl
4298,nbl
4299,zul
4300,xho
4301,nso
4302,ssw
4303,nbl
4304,sot
4305,nbl
4306,zul
4307,nbl
4308,nbl
4309,nbl
4310,zul
4311,zul
4312,zul
4313,ssw
4314,xho
4315,xho
4316,xho
4317,zul
4318,nbl
4319,ssw
4320,nso
4321,ssw
4322,ssw
4323,zul
4324,nso
4325,zul
4326,sot
4327,nbl
4328,zul
4329,nbl
4330,ssw
4331,xho
4332,zul
4333,nbl
4334,nbl
4335,sot
4336,zul
4337,nbl
4338,nbl
4339,zul
4340,xho
4341,zul
4342,ssw
4343,ssw
4344,zul
4345,nso
4346,nbl
4347,nbl
4348,xho
4349,xho
4350,xho
4351,eng
4352,zul
4353,zul
4354,zul
4355,xho
4356,zul
4357,ssw
4358,sot
4359,ssw
4360,nbl
4361,nbl
4362,zul
4363,nbl
4364,zul
4365,sot
4366,xho
4367,zul
4368,nbl
4369,xho
4370,nbl
4371,nso
4372,xho
4373,eng
4374,nbl
4375,nso
4376,zul
4377,zul
4378,ssw
4379,zul
4380,zul
4381,xho
4382,zul
4383,afr
4384,sot
4385,zul
4386,zul
4387,nbl
4388,nbl
4389,nbl
4390,xho
4391,ssw
4392,nbl
4393,nbl
4394,ssw
4395,zul
4396,nbl
4397,nbl
4398,zul
4399,zul
4400,xho
4401,nbl
4402,nbl
4403,zul
4404,nbl
4405,afr
4406,eng
4407,xho
4408,ssw
4409,xho
4410,zul
4411,xho
4412,zul
4413,zul
4414,ssw
4415,zul
4416,zul
4417,nbl
4418,nbl
4419,zul
4420,nbl
4421,nbl
4422,ssw
4423,xho
4424,nbl
4425,nbl
4426,eng
4427,tsn
4428,nbl
4429,ssw
4430,nbl
4431,xho
4432,zul
4433,nbl
4434,nso
4435,xho
4436,nbl
4437,tsn
4438,zul
4439,nbl
4440,eng
4441,zul
4442,zul
4443,nbl
4444,nbl
4445,nbl
4446,ssw
4447,zul
4448,nbl
4449,zul
4450,zul
4451,zul
4452,ssw
4453,nbl
4454,zul
4455,zul
4456,xho
4457,nbl
4458,xho
4459,nbl
4460,zul
4461,ssw
4462,xho
4463,nbl
4464,zul
4465,zul
4466,tsn
4467,zul
4468,sot
4469,zul
4470,ssw
4471,nbl
4472,xho
4473,zul
4474,nbl
4475,nbl
4476,nso
4477,nbl
4478,ssw
4479,nbl
4480,zul
4481,afr
4482,nbl
4483,nbl
4484,nbl
4485,zul
4486,ssw
4487,xho
4488,nbl
4489,zul
4490,zul
4491,zul
4492,zul
4493,nso
4494,nbl
4495,xho
4496,zul
4497,zul
4498,xho
4499,ssw
4500,eng
4501,ssw
4502,xho
4503,tso
4504,ssw
4505,ssw
4506,eng
4507,nbl
4508,ssw
4509,sot
4510,zul
4511,xho
4512,nbl
4513,xho
4514,zul
4515,nbl
4516,xho
4517,sot
4518,zul
4519,nbl
4520,zul
4521,eng
4522,nbl
4523,sot
4524,nbl
4525,zul
4526,ssw
4527,zul
4528,nbl
4529,ssw
4530,nso
4531,nbl
4532,nbl
4533,xho
4534,ssw
4535,nbl
4536,nso
4537,nbl
4538,ssw
4539,nbl
4540,nbl
4541,zul
4542,xho
4543,afr
4544,xho
4545,zul
4546,nbl
4547,zul
4548,sot
4549,nbl
4550,nbl
4551,xho
4552,zul
4553,nbl
4554,nso
4555,zul
4556,xho
4557,zul
4558,zul
4559,afr
4560,zul
4561,zul
4562,nbl
4563,nbl
4564,zul
4565,afr
4566,zul
4567,nbl
4568,xho
4569,ssw
4570,zul
4571,zul
4572,zul
4573,xho
4574,zul
4575,ssw
4576,zul
4577,zul
4578,nbl
4579,nso
4580,xho
4581,zul
4582,ssw
4583,ven
4584,nso
4585,nbl
4586,afr
4587,nbl
4588,nbl
4589,xho
4590,nbl
4591,eng
4592,zul
4593,zul
4594,tsn
4595,xho
4596,nbl
4597,ssw
4598,nso
4599,ssw
4600,afr
4601,tsn
4602,nbl
4603,nbl
4604,zul
4605,zul
4606,afr
4607,zul
4608,zul
4609,zul
4610,xho
4611,nbl
4612,ssw
4613,tsn
4614,xho
4615,xho
4616,xho
4617,eng
4618,nbl
4619,afr
4620,ssw
4621,zul
4622,nbl
4623,nbl
4624,zul
4625,zul
4626,nso
4627,nbl
4628,xho
4629,nso
4630,xho
4631,ssw
4632,zul
4633,nso
4634,xho
4635,zul
4636,zul
4637,xho
4638,zul
4639,ssw
4640,nbl
4641,nbl
4642,tso
4643,zul
4644,tso
4645,tsn
4646,ssw
4647,nso
4648,zul
4649,zul
4650,xho
4651,zul
4652,eng
4653,zul
4654,zul
4655,nbl
4656,zul
4657,ssw
4658,tso
4659,zul
4660,zul
4661,eng
4662,xho
4663,nbl
4664,zul
4665,xho
4666,xho
4667,zul
4668,zul
4669,zul
4670,nso
4671,xho
4672,sot
4673,nbl
4674,zul
4675,nso
4676,nso
4677,ssw
4678,xho
4679,zul
4680,afr
4681,xho
4682,ssw
4683,zul
4684,tsn
4685,nbl
4686,xho
4687,sot
4688,xho
4689,nbl
4690,zul
4691,xho
4692,nbl
4693,xho
4694,afr
4695,sot
4696,zul
4697,zul
4698,zul
4699,zul
4700,zul
4701,afr
4702,tso
4703,ssw
4704,zul
4705,zul
4706,sot
4707,nso
4708,zul
4709,zul
4710,nso
4711,xho
4712,ssw
4713,sot
4714,nbl
4715,xho
4716,nbl
4717,ssw
4718,ssw
4719,tso
4720,tsn
4721,afr
4722,ssw
4723,zul
4724,nbl
4725,zul
4726,nbl
4727,nbl
4728,zul
4729,ssw
4730,xho
4731,ssw
4732,eng
4733,nbl
4734,xho
4735,eng
4736,zul
4737,nso
4738,ssw
4739,nbl
4740,nso
4741,sot
4742,xho
4743,ssw
4744,zul
4745,zul
4746,zul
4747,zul
4748,nbl
4749,ssw
4750,nbl
4751,nbl
4752,zul
4753,eng
4754,ssw
4755,zul
4756,xho
4757,nbl
4758,afr
4759,nbl
4760,nbl
4761,nbl
4762,zul
4763,ssw
4764,xho
4765,nbl
4766,nbl
4767,nbl
4768,ssw
4769,ssw
4770,nbl
4771,ssw
4772,nbl
4773,tsn
4774,zul
4775,eng
4776,nbl
4777,eng
4778,zul
4779,sot
4780,tsn
4781,eng
4782,nbl
4783,nbl
4784,zul
4785,zul
4786,nso
4787,nbl
4788,zul
4789,ssw
4790,ssw
4791,nso
4792,nbl
4793,zul
4794,xho
4795,nbl
4796,xho
4797,nbl
4798,tsn
4799,nbl
4800,nbl
4801,zul
4802,nbl
4803,nbl
4804,nbl
4805,zul
4806,xho
4807,nbl
4808,nbl
4809,zul
4810,afr
4811,xho
4812,nbl
4813,nso
4814,zul
4815,sot
4816,zul
4817,ssw
4818,zul
4819,afr
4820,nbl
4821,zul
4822,nbl
4823,nso
4824,ssw
4825,zul
4826,nbl
4827,xho
4828,nbl
4829,nbl
4830,xho
4831,nso
4832,nbl
4833,zul
4834,zul
4835,zul
4836,xho
4837,ssw
4838,zul
4839,nbl
4840,nso
4841,zul
4842,ssw
4843,nso
4844,tso
4845,nbl
4846,ssw
4847,afr
4848,nbl
4849,nso
4850,zul
4851,xho
4852,nbl
4853,nbl
4854,ssw
4855,eng
4856,xho
4857,sot
4858,zul
4859,zul
4860,ssw
4861,nbl
4862,xho
4863,ssw
4864,nbl
4865,sot
4866,eng
4867,xho
4868,nbl
4869,nbl
4870,zul
4871,nbl
4872,zul
4873,tso
4874,nbl
4875,ssw
4876,zul
4877,xho
4878,zul
4879,nbl
4880,nbl
4881,nbl
4882,xho
4883,nbl
4884,nbl
4885,zul
4886,zul
4887,xho
4888,tso
4889,xho
4890,zul
4891,zul
4892,eng
4893,eng
4894,zul
4895,zul
4896,nbl
4897,zul
4898,zul
4899,nbl
4900,zul
4901,nbl
4902,ssw
4903,ssw
4904,nbl
4905,nso
4906,ssw
4907,nbl
4908,zul
4909,tso
4910,zul
4911,zul
4912,nso
4913,nbl
4914,sot
4915,zul
4916,ssw
4917,xho
4918,nbl
4919,xho
4920,tsn
4921,xho
4922,nbl
4923,zul
4924,nbl
4925,eng
4926,zul
4927,zul
4928,ssw
4929,zul
4930,afr
4931,zul
4932,nbl
4933,xho
4934,tso
4935,ssw
4936,nbl
4937,xho
4938,ssw
4939,nbl
4940,nbl
4941,nbl
4942,ven
4943,nbl
4944,nso
4945,nbl
4946,zul
4947,nbl
4948,nso
4949,xho
4950,eng
4951,ssw
4952,xho
4953,sot
4954,ssw
4955,nbl
4956,zul
4957,tsn
4958,zul
4959,xho
4960,xho
4961,ssw
4962,nbl
4963,nbl
4964,xho
4965,zul
4966,nbl
4967,zul
4968,nbl
4969,sot
4970,ven
4971,nbl
4972,nbl
4973,zul
4974,nbl
4975,xho
4976,zul
4977,afr
4978,zul
4979,zul
4980,nbl
4981,xho
4982,zul
4983,zul
4984,ssw
4985,xho
4986,eng
4987,zul
4988,xho
4989,sot
4990,afr
4991,nbl
4992,nbl
4993,sot
4994,zul
4995,xho
4996,nbl
4997,zul
4998,nbl
4999,zul
5000,nbl
5001,zul
5002,zul
5003,nbl
5004,eng
5005,nbl
5006,eng
5007,xho
5008,xho
5009,xho
5010,zul
5011,xho
5012,nbl
5013,nso
5014,tso
5015,xho
5016,eng
5017,zul
5018,afr
5019,nbl
5020,ven
5021,xho
5022,nbl
5023,ssw
5024,xho
5025,zul
5026,xho
5027,ssw
5028,nbl
5029,zul
5030,zul
5031,zul
5032,zul
5033,nbl
5034,nbl
5035,zul
5036,xho
5037,nbl
5038,xho
5039,zul
5040,zul
5041,nbl
5042,zul
5043,zul
5044,xho
5045,nbl
5046,ssw
5047,xho
5048,nbl
5049,nbl
5050,zul
5051,zul
5052,zul
5053,zul
5054,zul
5055,ssw
5056,nbl
5057,xho
5058,zul
5059,zul
5060,nbl
5061,eng
5062,nso
5063,nbl
5064,zul
5065,nbl
5066,nbl
5067,zul
5068,nbl
5069,xho
5070,xho
5071,nbl
5072,xho
5073,zul
5074,afr
5075,nbl
5076,ssw
5077,nso
5078,eng
5079,nbl
5080,zul
5081,nso
5082,zul
5083,xho
5084,zul
5085,zul
5086,ssw
5087,zul
5088,nbl
5089,ssw
5090,zul
5091,ssw
5092,nbl
5093,eng
5094,xho
5095,nbl
5096,nbl
5097,nso
5098,xho
5099,xho
5100,zul
5101,nbl
5102,ssw
5103,xho
5104,ssw
5105,nbl
5106,nbl
5107,nbl
5108,ssw
5109,ssw
5110,nbl
5111,zul
5112,ssw
5113,zul
5114,ssw
5115,xho
5116,xho
5117,nbl
5118,ssw
5119,zul
5120,xho
5121,xho
5122,zul
5123,xho
5124,nbl
5125,nbl
5126,nbl
5127,nso
5128,xho
5129,zul
5130,nso
5131,ssw
5132,ssw
5133,afr
5134,nbl
5135,xho
5136,ssw
5137,zul
5138,ssw
5139,xho
5140,zul
5141,zul
5142,nbl
5143,nbl
5144,xho
5145,zul
5146,zul
5147,zul
5148,zul
5149,nbl
5150,nbl
5151,nbl
5152,zul
5153,ssw
5154,ssw
5155,xho
5156,xho
5157,tsn
5158,nso
5159,ven
5160,nbl
5161,nbl
5162,zul
5163,zul
5164,zul
5165,xho
5166,nbl
5167,zul
5168,nbl
5169,afr
5170,nbl
5171,ssw
5172,afr
5173,nbl
5174,nso
5175,nbl
5176,nbl
5177,zul
5178,zul
5179,nbl
5180,nbl
5181,zul
5182,nbl
5183,afr
5184,nbl
5185,nbl
5186,ssw
5187,nbl
5188,xho
5189,nbl
5190,xho
5191,xho
5192,zul
5193,zul
5194,nbl
5195,ssw
5196,nso
5197,xho
5198,nbl
5199,eng
5200,nbl
5201,nbl
5202,ven
5203,ssw
5204,xho
5205,afr
5206,nbl
5207,ssw
5208,nso
5209,zul
5210,zul
5211,ssw
5212,afr
5213,ssw
5214,zul
5215,nbl
5216,ssw
5217,nbl
5218,ssw
5219,zul
5220,zul
5221,nso
5222,zul
5223,nbl
5224,zul
5225,zul
5226,zul
5227,tso
5228,nbl
5229,nbl
5230,nbl
5231,nso
5232,zul
5233,zul
5234,nso
5235,nbl
5236,ssw
5237,zul
5238,xho
5239,nbl
5240,ssw
5241,nbl
5242,sot
5243,nbl
5244,nbl
5245,zul
5246,tsn
5247,xho
5248,nbl
5249,xho
5250,xho
5251,xho
5252,ssw
5253,xho
5254,xho
5255,xho
5256,zul
5257,zul
5258,zul
5259,nso
5260,ssw
5261,sot
5262,ssw
5263,ssw
5264,zul
5265,nbl
5266,nbl
5267,zul
5268,tsn
5269,ssw
5270,nbl
5271,zul
5272,nbl
5273,zul
5274,nbl
5275,ssw
5276,zul
5277,xho
5278,ssw
5279,zul
5280,xho
5281,zul
5282,xho
5283,zul
5284,nbl
5285,nbl
5286,eng
5287,nbl
5288,nbl
5289,afr
5290,xho
5291,nbl
5292,zul
5293,ssw
5294,zul
5295,ssw
5296,ssw
5297,nso
5298,sot
5299,xho
5300,ssw
5301,xho
5302,nbl
5303,nbl
5304,nbl
5305,xho
5306,nbl
5307,nbl
5308,sot
5309,tso
5310,zul
5311,nbl
5312,nbl
5313,xho
5314,nbl
5315,zul
5316,zul
5317,xho
5318,nbl
5319,ven
5320,xho
5321,xho
5322,nbl
5323,nbl
5324,xho
5325,zul
5326,zul
5327,ssw
5328,nbl
5329,xho
5330,xho
5331,nso
5332,nbl
5333,nbl
5334,ssw
5335,eng
5336,ssw
5337,nbl
5338,nbl
5339,ssw
5340,ssw
5341,ssw
5342,zul
5343,zul
5344,zul
5345,zul
5346,tso
5347,zul
5348,zul
5349,tsn
5350,zul
5351,xho
5352,zul
5353,zul
5354,nbl
5355,ssw
5356,nbl
5357,zul
5358,nso
5359,ssw
5360,nbl
5361,nbl
5362,zul
5363,ssw
5364,sot
5365,nbl
5366,eng
5367,nbl
5368,sot
5369,sot
5370,xho
5371,nbl
5372,nbl
5373,tso
5374,sot
5375,zul
5376,zul
5377,nbl
5378,zul
5379,nbl
5380,zul
5381,xho
5382,zul
5383,nbl
5384,sot
5385,ssw
5386,zul
5387,ssw
5388,zul
5389,nso
5390,xho
5391,eng
5392,zul
5393,xho
5394,zul
5395,zul
5396,zul
5397,ssw
5398,ssw
5399,nbl
5400,ssw
5401,xho
5402,zul
5403,zul
5404,ssw
5405,ssw
5406,nbl
5407,ssw
5408,nbl
5409,zul
5410,tso
5411,nbl
5412,xho
5413,ssw
5414,xho
5415,tsn
5416,xho
5417,xho
5418,nbl
5419,xho
5420,ssw
5421,tsn
5422,nbl
5423,nbl
5424,zul
5425,zul
5426,xho
5427,xho
5428,tsn
5429,nbl
5430,xho
5431,ssw
5432,xho
5433,nbl
5434,nso
5435,nbl
5436,xho
5437,xho
5438,xho
5439,zul
5440,nbl
5441,ssw
5442,zul
5443,zul
5444,xho
5445,eng
5446,nbl
5447,xho
5448,eng
5449,nbl
5450,ssw
5451,nbl
5452,nbl
5453,nso
5454,sot
5455,nbl
5456,nbl
5457,nbl
5458,sot
5459,zul
5460,xho
5461,xho
5462,zul
5463,xho
5464,xho
5465,zul
5466,nbl
5467,tsn
5468,xho
5469,zul
5470,zul
5471,nbl
5472,zul
5473,ssw
5474,tsn
5475,zul
5476,ven
5477,zul
5478,xho
5479,zul
5480,nbl
5481,nbl
5482,nbl
5483,tsn
5484,nbl
5485,nbl
5486,nbl
5487,nbl
5488,zul
5489,zul
5490,xho
5491,xho
5492,zul
5493,zul
5494,ssw
5495,nbl
5496,zul
5497,xho
5498,ssw
5499,zul
5500,ssw
5501,eng
5502,tsn
5503,afr
5504,sot
5505,ssw
5506,xho
5507,zul
5508,nbl
5509,nbl
5510,zul
5511,nbl
5512,nbl
5513,zul
5514,tsn
5515,xho
5516,afr
5517,ssw
5518,xho
5519,nbl
5520,zul
5521,zul
5522,nbl
5523,nso
5524,nbl
5525,nbl
5526,zul
5527,tsn
5528,nbl
5529,nso
5530,xho
5531,zul
5532,nbl
5533,nbl
5534,zul
5535,ssw
5536,nbl
5537,zul
5538,nbl
5539,afr
5540,zul
5541,nbl
5542,nbl
5543,nso
5544,afr
5545,eng
5546,sot
5547,zul
5548,nbl
5549,nbl
5550,nbl
5551,nbl
5552,ssw
5553,nbl
5554,nbl
5555,nso
5556,zul
5557,xho
5558,zul
5559,tsn
5560,eng
5561,nbl
5562,ssw
5563,ssw
5564,nbl
5565,ssw
5566,sot
5567,nbl
5568,zul
5569,ssw
5570,xho
5571,zul
5572,zul
5573,sot
5574,nso
5575,zul
5576,ssw
5577,nso
5578,xho
5579,zul
5580,zul
5581,zul
5582,nbl
5583,ssw
5584,xho
5585,ssw
5586,zul
5587,nbl
5588,zul
5589,nbl
5590,afr
5591,nbl
5592,zul
5593,ssw
5594,nbl
5595,ssw
5596,nbl
5597,ssw
5598,nbl
5599,ssw
5600,nbl
5601,ssw
5602,zul
5603,nbl
5604,xho
5605,sot
5606,zul
5607,ssw
5608,zul
5609,xho
5610,nbl
5611,ssw
5612,afr
5613,eng
5614,ssw
5615,afr
5616,nbl
5617,zul
5618,nso
5619,nbl
5620,xho
5621,xho
5622,xho
5623,xho
5624,zul
5625,zul
5626,nbl
5627,nbl
5628,afr
5629,zul
5630,nbl
5631,xho
5632,tso
5633,nbl
5634,zul
5635,zul
5636,nbl
5637,ssw
5638,afr
5639,nbl
5640,zul
5641,ssw
5642,ssw
5643,nso
5644,nbl
5645,nbl
5646,zul
5647,nso
5648,zul
5649,nbl
5650,ssw
5651,zul
5652,ssw
5653,ssw
5654,zul
5655,nbl
5656,zul
5657,xho
5658,tso
5659,nso
5660,ssw
5661,zul
5662,zul
5663,xho
5664,xho
5665,nbl
5666,afr
5667,xho
5668,eng
5669,ssw
5670,nbl
5671,ssw
5672,zul
5673,ssw
5674,ssw
5675,nbl
5676,ven
5677,nbl
5678,xho
5679,ssw
5680,eng
5681,nbl
5682,zul
